X,Y,Country_ID,Country,Dist_Code,adm1,adm2,hf
2.3010949673528,8.38819072417555,FAK,Fakeland,FAK030,Plains,Bonmi,"44"
0.696679373491665,8.92117685389975,FAK,Fakeland,FAK005,West,Cakure,"81"
0.682813865082239,8.6505525092544,FAK,Fakeland,FAK002,West,Youko,"4"
